Code,Territoire,Part des moins de 3 ans dans la population totale (%),Nombre de places en milieu d'accueil par enfant de moins de trois ans (),Population totale (Nombre d'habitants),#0-2 ans,#places en creche
21001A00-,RESISTANCE,5.11,0.24,2837,145,0
21001A011,KLEINMOLEN,5.12,0.02,3220,165,0
21001A02-,WAYEZ,7.58,0.05,1042,79,0
21001A031,RAUTER-SUD,4.33,0.00,1942,84,0
21001A041,VEEWEYDE-SUD,4.67,0.30,2613,122,0
21001A051,LI0E-EST,5.86,0.00,1519,89,0
21001A07-,BIRMINGHAM,6.98,0.00,344,24,0
21001A08-,ASTRID (PARC),0.00,0.00,2,0,0
21001A10-,PORSELEIN,4.56,0.35,1096,50,0
21001A112,BIESTEBROEK,4.88,0.23,2846,139,0
21001A120,MINIMES,5.87,0.04,3371,198,0
21001A132,RAUTER-NORD,4.89,0.00,1083,53,0
21001A142,VEEWEYDE-NORD,4.44,1.17,1171,52,0
21001A152,LI0E-OUEST,4.89,0.00,1351,66,0
21001A30-,BIZET,5.26,0.00,2964,156,0
21001A31-,CHAUSSEE DE MONS - SAINT-LUC,6.52,0.00,798,52,0
21001A32-,AURORE,4.63,0.00,3976,184,0
21001A331,WALCOURT,0.00,0.00,182,0,0
21001A332,ROUE,4.65,0.00,1268,59,0
21001A34-,ROUE - CITE JARDIN,3.68,0.46,2255,83,0
21001A350,CERIA - ZONE D'HABITAT,4.46,0.00,1323,59,0
21001A37-,ZUEN - I0USTRIE,0.00,0.00,14,0,0
21001A3MJ,CERIA I,0.00,0.00,12,0,0
21001A401,ARBORETUM,4.47,1.67,738,33,0
21001A41-,ROMAIN ROLLA0,3.23,0.00,2324,75,0
21001A42-,KAT,2.73,0.00,549,15,0
21001A43-,VAN BEETHOVEN,5.46,0.00,1356,74,0
21001A441,DOCTEUR ROUX,4.79,0.18,2275,109,0
21001A451,VENIZELOS,4.21,0.00,1614,68,0
21001A472,STADE COMMUNAL - I0USTRIE,5.16,0.50,678,35,0
21001A492,ETANGS - PARC,0.00,0.00,0,0,0
21001A503,VIVES,4.55,0.00,1648,75,0
21001A51-,SCHERDEMAEL,2.53,0.00,1539,39,0
21001A52-,SCHERDEMAEL-NORD,3.29,0.00,486,16,0
21001A53-,NELLIE MELBA,4.02,0.00,423,17,0
21001A552,TREFLE,4.01,0.00,2541,102,0
21001A712,SCHEUT - DE SMET,5.35,0.08,954,51,0
21001A72-,OSSEGEM,5.46,0.47,3315,181,0
21001A732,SCHEUTVELD,1.99,0.00,301,6,0
21001A74-,SCHEUT-OUEST,4.76,0.00,2604,124,0
21001A783,SCHEUT-INTERNAT,0.00,0.00,1,0,0
21001A80-,SILLON,3.58,0.00,2878,103,0
21001A81-,BROECK,4.03,0.00,1836,74,0
21001A82-,MOORTEBEEK,2.91,0.00,1785,52,0
21001A83-,PETERBOS,3.50,0.44,3116,109,0
21001A84-,POESIE,7.07,0.00,1104,78,0
21001A85-,AUBADE,5.42,0.00,609,33,0
21001A90-,SCHEUTKAPEL,4.15,0.22,2121,88,0
21001A911,SCHEUT-EST,6.30,0.39,2160,136,0
21001A92-,JAKOB SMITS,5.66,0.11,3513,199,0
21001A931,AGRAFE-NORBERT GILLE,6.19,0.00,1988,123,0
21001A941,CROCUS,6.18,0.08,2202,136,0
21001A95-,BUFFON,4.51,0.08,3148,142,0
21001A982,PARC FORESTIER,0.00,0.00,0,0,0
21001B10-,ROSEE-EST,5.53,0.16,2622,145,0
21001B11-,ROSEE-OUEST,5.26,0.00,836,44,0
21001B17-,ABATTOIR,6.65,0.47,1053,70,0
21001B20-,CONSEIL-NORD,6.55,0.13,5542,363,0
21001B21-,BROGNIEZ-NORD,6.42,0.16,3569,229,0
21001B22-,BROGNIEZ-SUD,6.13,0.00,1239,76,0
21001B23-,CONSEIL-SUD,4.72,0.00,1505,71,0
21001B241,REVISION-SUD,6.05,0.00,2066,125,0
21001B25-,REVISION-NORD,5.41,0.38,3805,206,0
21001B31-,ALBERT I- IMMEUBLES,3.87,0.00,878,34,0
21001B321,ALBERT I- QUARTIER,5.92,0.76,1977,117,0
21001B332,GOUJONS,4.30,0.00,1093,47,0
21001B372,DEUX GARES,0.00,0.00,54,0,0
21001B3MJ,PETITE ILE - RIVE DROITE,0.00,0.00,112,0,0
21001C512,CHANTS D'OISEAUX,2.88,0.27,1529,44,0
21001C522,HOPITAL U.L.B.,0.00,73.00,191,0,0
21001C581,CIMETIERE,0.00,0.00,64,0,0
21001C5MA,MEYLEMEERSCH,0.00,0.00,44,0,0
21001C5PA,MEERVELD,0.00,0.00,102,0,0
21001C611,SOETKIN,2.90,2.90,551,16,0
21001C6MB,MEYLEMEERSCH-EST,0.00,0.00,0,0,0
21001C6PB,ZONE RURALE,2.33,1.41,430,10,0
21001C70-,BON AIR - CENTRE,5.96,2.00,235,14,0
21001C71-,BON AIR - CITE JARDIN,2.67,0.82,1463,39,0
21001C79-,BON AIR - HABITATIONS DISP.,0.00,0.00,136,0,0
21002A00-,CENTRE - NORD,3.49,1.55,1061,37,0
21002A01-,SAINTE-ANNE,4.46,0.36,672,30,0
21002A02-,CENTRE-SUD,3.17,0.00,1071,34,0
21002A030,LAMMERE0RIES,3.35,0.53,2000,67,0
21002A041,VIGNETTE,4.01,0.00,548,22,0
21002A072,CENTRE COMMERCIAL,0.00,0.00,99,0,0
21002A091,TROIS COULEURS,0.00,0.00,0,0,0
21002A10-,TRANSVAAL,3.24,0.97,2590,84,0
21002A11-,SACRE-COEUR,4.00,0.00,1001,40,0
21002A12-,AVENUE SCHALLER,2.84,2.20,1513,43,0
21002A130,PARC DES PRINCES,1.85,0.00,1298,24,0
21002A14-,TEN REUKEN,2.73,0.00,366,10,0
21002A15-,SOUVERAIN (BLV DU)- BUILDINGS,0.00,0.00,147,0,0
21002A18-,ROUGE CLOITRE,0.00,0.00,7,0,0
21002A190,FORET DE SOIGNES,0.00,0.00,45,0,0
21002A20-,SAINT-JULIEN,3.44,0.00,1191,41,0
21002A21-,LEBON,4.15,0.00,3105,129,0
21002A22-,CANARIS (AVENUE DES),4.26,0.00,892,38,0
21002A23-,TH. BALIS (PLACE),3.74,0.60,1391,52,0
21002A24-,AVENUE DE BROUCKERE,3.87,0.30,1343,52,0
21002A25-,WATERMAEL (CHAUSSEE DE),3.54,0.98,1411,50,0
21002A30-,TRIOMPHE (BOULEVARD DU),3.34,1.62,1289,43,0
21002A311,AMITIE (PLACE DE L'),4.35,0.00,1057,46,0
21002A372,QUARTIER I0USTRIE,4.96,0.00,625,31,0
21002A39-,CHEMIN DE FER,0.00,0.00,0,0,0
21002A411,PUTDAAL,2.22,0.00,632,14,0
21002A422,AVENUE IS.GERARD,0.00,0.00,149,0,0
21002A43-,SOUVERAIN (BOULEVARD DU) NORD,4.83,0.00,1657,80,0
21002A441,CHANT D'OISEAUX,3.28,0.80,1221,40,0
21002A45-,VAL DUC,1.70,1.40,766,13,0
21002A482,VAL DUCHESSE,0.00,0.00,7,0,0
21002A492,WOLUWE PARC,0.00,0.00,8,0,0
21002A511,INVALIDES (BOULEVARD DES),3.57,0.47,2580,92,0
21002A52-,BEAULIEU,4.50,3.46,667,30,0
21002A53-,PECHERIES,3.90,0.00,1309,51,0
21002A572,DEPOT METRO,0.00,0.00,0,0,0
21003A00-,CENTRE,4.79,0.07,2920,140,0
21003A011,MOLENBERG,4.22,1.24,1612,68,0
21003A02-,LAURE - BASILIQUE,4.97,0.42,3158,157,0
21003A03-,HAUT-CHAMP,4.26,0.45,1902,81,0
21003A04-,L. DE SMET,5.02,0.11,1136,57,0
21003A05-,DE SELLIERS DE MORANVILLE,4.48,0.92,1918,86,0
21003A0AJ,HU0ERENVELD,3.56,0.00,1012,36,0
21003A10-,HOPITAL FRANCAIS,4.19,0.00,3199,134,0
21003A11-,CITE MODERNE,3.09,0.00,873,27,0
21003A212,CLOS DU ZAVELENBERG,4.74,0.00,633,30,0
21003A283,ZAVELENBERG,3.98,0.00,226,9,0
21003A2MJ,GARE,5.68,2.54,475,27,0
21003A312,POTAARDE  VLAK,3.58,0.80,2151,77,0
21003A323,SEPT ETOILES,3.51,0.00,969,34,0
21003A331,ALLEE VERTE,6.71,0.00,760,51,0
21003A342,HOGENBOS,2.94,0.33,918,27,0
21003A38-,KONINCKXBOS,0.00,0.00,194,0,0
21003A41-,MONNET,4.91,0.00,733,36,0
21004A001,GRA0-PLACE,1.58,0.00,886,14,0
21004A002,BOURSE,3.75,0.00,533,20,0
21004A01-,VIEILLE HALLE AUX BLES,3.40,0.00,883,30,0
21004A02-,SAINT-FRANCOIS XAVIER,3.56,2.36,1602,57,0
21004A03-,BON SECOURS - PALAIS DU MIDI,3.80,0.11,2053,78,0
21004A04-,NOTRE-DAME DE LA CHAPELLE,3.95,0.00,1164,46,0
21004A10-,GARE CENTRALE,0.00,0.00,73,0,0
21004A12-,REGENT (BOULEVARD DU),0.00,0.00,149,0,0
21004A13-,PETIT SABLON,3.09,1.00,907,28,0
21004A14-,GRA0 SABLON,2.70,0.00,1778,48,0
21004A15-,JACOBS (PLACE),3.96,0.00,454,18,0
21004A16-,PALAIS JUSTICE-HOP. ST.-PIERRE,2.86,0.68,2758,79,0
21004A19-,PALAIS ROYAL,0.00,0.00,36,0,0
21004A1MJ,COLONIES (RUE DES),0.00,0.00,38,0,0
21004A20-,BOURSE-NORD-OUEST,3.53,0.00,2464,87,0
21004A21-,ANNEESSENS (PLACE),5.55,0.26,6481,360,0
21004A22-,SENNE (RUE DE LA),4.65,0.30,3464,161,0
21004A23-,NOUVEAU MARCHE AU GRAIN,3.85,0.29,3172,122,0
21004A24-,MARCHE AU PORCS,4.55,0.90,3454,157,0
21004A25-,BEGUINAGE (PLACE DU),3.21,2.24,1807,58,0
21004A30-,SAINT-MICHEL ET GUDULE,0.00,0.00,21,0,0
21004A32-,CONGRES - GARE,2.91,3.32,1238,36,0
21004A33-,LIBERTE (PLACE DE LA),4.03,0.29,2307,93,0
21004A34-,MONNAIE,3.22,0.00,1025,33,0
21004A35-,AD. MAX (BOULEVARD),4.60,0.00,1284,59,0
21004A3MJ,CITE ADMINISTRATIVE ET CONGRES,0.00,0.00,130,0,0
21004A70-,BLAES (RUE)-SUD,4.05,0.72,4790,194,0
21004A71-,BLAES (RUE)-CENTRE,3.11,1.28,1702,53,0
21004A72-,SAINT-THOMAS (INSTITUT),4.89,1.49,1594,78,0
21004A811,QUAI DU COMMERCE,4.72,0.00,2605,123,0
21004A822,RUE DES COMMERCANTS,4.38,0.00,593,26,0
21004A83-,E. JACQMAIN (BOULEVARD)-OUEST,4.43,0.00,1489,66,0
21004B10-,ORBAN (SQUARE),2.19,0.00,411,9,0
21004B112,RUE DU COMMERCE,0.00,0.00,43,0,0
21004B13-,TREVES (RUE DE),3.65,0.00,384,14,0
21004B1MJ,RUE JOSEPH II,0.00,0.00,0,0,0
21004B293,LEOPOLD (PARC),0.00,0.00,146,0,0
21004B2MJ,SCHUMAN (RO0-POINT),6.50,1.41,585,38,0
21004B2NJ,CITE DE LA CHAUSSEE,4.29,0.00,326,14,0
21004B2WJ,RUE DE PASCAL - ST.-SACREMENT,4.22,0.00,332,14,0
21004B411,DEUX EGLISES (RUE DES),3.79,2.06,1583,60,0
21004B421,MARIE-LOUISE (SQUARE),4.41,4.61,3723,164,0
21004B43-,AMBIORIX-NORD (SQUARE),4.07,0.44,5484,223,0
21004B44-,AMBIORIX-SUD (SQUARE),4.04,1.76,2750,111,0
21004B45-,ECOLE MILITAIRE,2.85,0.00,1542,44,0
21004B49-,CINQUANTENAIRE (PARC DU),0.00,0.00,15,0,0
21004C501,LOUISE (AVENUE)-NORD,2.84,0.00,563,16,0
21004C51-,LOUISE (AVENUE)-NORD-EST,3.23,0.90,1023,33,0
21004C52-,LOUISE (AVENUE)-NORD-OUEST,4.84,0.00,1137,55,0
21004C53-,LOUISE (AVENUE)-SUD-OUEST,3.66,0.00,766,28,0
21004C54-,LOUISE (AVENUE)-SUD-EST,3.69,0.00,1651,61,0
21004C552,LOUISE (AVENUE)-SUD,3.36,0.00,1695,57,0
21004C591,CAMBRE (BOIS DE LA),0.00,0.00,2,0,0
21004C61-,U.L.B.,4.21,4.29,879,37,0
21004C62-,BOE0AAL-OUEST,3.25,0.00,676,22,0
21004C63-,NATIONS (SQUARE DES),2.83,0.00,1272,36,0
21004C642,AVENUE FRANKLIN ROOSEVELT,1.61,0.00,372,6,0
21004C65-,VIVIER D'OIE,2.74,0.00,365,10,0
21004D600,PARVIS SAINT-ROCH,3.59,0.00,1254,45,0
21004D610,ANVERS (CHAUSSEE D')-SUD,6.02,0.73,2806,169,0
21004D62-,ANVERS (CHAUSSEE D')-NORD,5.49,0.34,3701,203,0
21004D631,ALLEE VERTE - BASSIN VERGOTE,4.71,0.00,488,23,0
21004D64-,MASUI (PLACE)-NORD,6.48,0.00,1019,66,0
21004D672,QUAI DE WILLEBROECK,3.44,0.00,1135,39,0
21004D6MJ,QUAI DES USINES - MONNOYER,0.00,0.00,10,0,0
21004D6NJ,TOUR ET TAXIS,8.98,0.00,245,22,0
21004E101,PARVIS NOTRE DAME,5.14,0.00,2121,109,0
21004E112,RUE DES CHRYSANTHEMES,4.23,0.00,520,22,0
21004E12-,PRINCE LEOPOLD (SQUARE),5.44,0.04,5409,294,0
21004E130,SACRE-COEUR,5.26,0.00,5323,280,0
21004E14-,ECOLE DES CADETS,5.33,0.25,2925,156,0
21004E180,DOMAINE ROYALE,0.00,0.00,24,0,0
21004E193,N.D. DE LAEKEN,0.00,0.00,0,0,0
21004E201,AVENUE JEAN DE BOLOGNE,4.59,0.00,5386,247,0
21004E211,RUE DE WA0,6.12,0.00,932,57,0
21004E222,MUTSAARD (AVENUE),4.07,0.00,2528,103,0
21004E233,DE MEYSSE (AVENUE),3.24,0.00,678,22,0
21004E292,AVENUE DES CROIX DU FEU,0.00,0.00,3,0,0
21004E70-,MARIE-CHRISTINE (RUE),5.78,0.30,5705,330,0
21004E72-,MAISON ROUGE (PLACE)-SUD,5.67,0.46,6117,347,0
21004E73-,EM. BOCKSTAEL (BOULEVARD)-SUD,6.62,0.00,3915,259,0
21004E74-,EM. DELVA (RUE),5.91,0.17,8209,485,0
21004E800,DIVIN JESUS,4.82,0.00,1265,61,0
21004E81-,DISQUE (RUE DU),4.45,0.00,1415,63,0
21004E82-,CITE MODELE,4.39,0.02,3601,158,0
21004E83-,STIENON (AVENUE),4.69,0.05,4368,205,0
21004E8MJ,HEYSEL,0.00,0.00,183,0,0
21004E8NJ,HOPITAL BRUGMANN,0.00,0.00,29,0,0
21004F511,AVENUE DES PAGODES,4.85,0.95,1855,90,0
21004F522,AVENUE DE VERSAILLES,3.75,1.16,2428,91,0
21004F531,RUE DES FAINES,4.67,0.00,2889,135,0
21004F572,MARLY-SUD,0.00,0.00,45,0,0
21004F901,PLACE PETER BENOIT,5.30,0.04,1905,101,0
21004F91-,CROIX DE GUERRE (AVENUE DES),4.41,0.83,2697,119,0
21004F922,RUE CHATEAU BEYAERD,4.13,0.28,3023,125,0
21004F930,COIN DES CERISES,2.87,0.00,1952,56,0
21004F94-,VAL MARIA,2.09,0.00,861,18,0
21004F953,RUE DU WIMPELBERG,3.09,2.25,1296,40,0
21004F970,MARLY-NORD,0.00,0.00,178,0,0
21004F994,TRASSERSWEG - NEDER-HEEMBEEK,0.00,0.00,85,0,0
21004F9MJ,NEDER-HEEMBEEK-NORD,8.58,0.84,1422,122,0
21004G30-,SAINTE-ELISABETH,4.15,0.87,3250,135,0
21004G310,HAREN-SUD-OUEST,4.67,0.00,1093,51,0
21004G321,HAREN-EST,4.55,0.00,1077,49,0
21004G371,GARE DE FORMATION,0.00,0.00,5,0,0
21004G3MJ,DOBBELENBERG (RUE DE),5.21,0.00,365,19,0
21004G3NJ,HAREN-SUD,5.07,0.00,276,14,0
21005A00-,HOTEL COMMUNAL,3.92,2.18,3776,148,0
21005A01-,SAINTE-GERTRUDE,3.34,1.33,3503,117,0
21005A02-,CHAMP DU ROI (RUE),4.07,1.58,2899,118,0
21005A031,MAELBEEK,3.28,0.31,1647,54,0
21005A042,PH. BAUCQ (RUE),4.47,0.27,4409,197,0
21005A051,RINSDELLE,4.07,0.34,4272,174,0
21005A082,COURS ST-MICHEL,6.37,0.00,267,17,0
21005A10-,GENERAL HENRI (RUE),3.90,1.35,3487,136,0
21005A11-,NOTRE-DAME DU SACRE-COEUR,4.02,0.66,3157,127,0
21005A12-,SAINT-ANTOINE,3.87,0.16,6569,254,0
21005A13-,LA CHASSE,3.74,0.00,1418,53,0
21005A14-,ARMEE (AVENUE DE L'),3.68,0.18,3235,119,0
21005A15-,SAINT-MICHEL COLLEGE,3.12,0.41,1987,62,0
21005A20-,PORTE DE TERVUEREN - TONGRES,3.28,0.25,1798,59,0
21005A21-,PORTE DE TERVUEREN - BRAFFORT,4.02,1.26,722,29,0
21005A22-,PORTE DE TERVUEREN - L. DE LAN,3.52,2.49,1080,38,0
21005A29-,CINQUANTENAIRE (PARC),0.00,0.00,0,0,0
21005A311,CASERNE (Etterbeek),4.25,0.77,1719,73,0
21005A322,NOUVELLE AVENUE-SUD,1.82,0.00,330,6,0
21005A33-,CARDINAL LAVIGERIE (RUE),4.57,0.00,1487,68,0
21006A001,VIEIL EVERE,4.79,0.03,3026,145,0
21006A011,CENTRE,4.90,0.34,2837,139,0
21006A02-,IEDER ZIJN HUIS - STROOBANTS,2.99,1.09,636,19,0
21006A03-,BLOCS SAINT-VINCENT,4.50,0.00,756,34,0
21006A042,KERKHOEK,4.61,1.36,1236,57,0
21006A052,CHAMP DE REPOS,4.55,0.53,2548,116,0
21006A073,GARE DE FORMATION,0.00,0.00,0,0,0
21006A094,BON PASTEUR,2.44,0.00,410,10,0
21006A101,CONSCIENCE,5.01,0.21,4472,224,0
21006A11-,OASIS - PROVENCE - LANGUEDOC,3.13,0.00,894,28,0
21006A12-,GERMINAL I,3.77,0.00,770,29,0
21006A13-,MAISON COMMUNALE,5.17,0.00,1411,73,0
21006A142,ED. DEKNOOP (RUE),5.28,0.00,1250,66,0
21006A153,KEET,3.57,0.84,1262,45,0
21006A171,ANCIEN COMBATTANTS (AVENUE),4.11,2.77,414,17,0
21006A201,HAUT-EVERE,4.22,0.08,2585,109,0
21006A21-,HOME FAMILIAL BRABANT,2.26,1.04,1194,27,0
21006A22-,SAINT-EXUPERY,3.99,0.00,2081,83,0
21006A23-,DU BONHEUR,3.81,0.00,2943,112,0
21006A24-,IEDER ZIJN HUIS - ZAVENTEM,3.31,2.55,543,18,0
21006A25-,GIBET,3.24,0.00,1050,34,0
21006A272,QUARTIER GROSJEAN,0.00,0.00,85,0,0
21006A312,J. BORDET (AVENUE DE),5.07,0.00,493,25,0
21006A323,GERMINAL II,2.81,0.00,853,24,0
21006A37-,ZONE I0USTRIELLE,0.00,0.00,145,0,0
21006A403,QUARTIER CICERO,4.85,0.35,1898,92,0
21006A414,P. DUPONT (RUE),4.37,1.05,3111,136,0
21006A474,COMMUNAUTES,6.14,0.93,1026,63,0
21006A48-,CIMETIERE BRUXELLES,0.00,0.00,27,0,0
21006A515,CARLI,4.10,0.00,1098,45,0
21007A00-,CENTRE SAINT-DENIS,4.91,0.39,3322,163,0
21007A01-,CURE D'ARS,4.11,0.55,1290,53,0
21007A02-,STUART MERRIL,2.91,0.00,585,17,0
21007A03-,FOYER FORESTOIS - FAMILLE,2.19,1.94,1139,25,0
21007A04-,FOYER FORESTOIS - MADELON,3.48,0.00,517,18,0
21007A05-,NEERSTALLE,3.94,0.00,965,38,0
21007A06-,KATANGA,5.39,0.00,686,37,0
21007A071,BOLLINCKX,6.52,0.27,1027,67,0
21007A082,BEMPT,0.00,0.00,56,0,0
21007A101,BOURGOGNE,4.66,0.76,2856,133,0
21007A111,MESSIDOR I,4.12,0.00,534,22,0
21007A12-,HAVESKERCKE,6.98,0.00,258,18,0
21007A132,DENAYER (RUE),0.00,0.00,150,0,0
21007A142,MONTE CARLO,4.34,0.00,1473,64,0
21007A201,ROOSE0AEL (RUE),3.30,0.91,2573,85,0
21007A21-,MAGNANERIE,3.40,0.00,530,18,0
21007A239,NEPTUNE (AVENUE) I,4.03,0.36,3074,124,0
21007A242,GLOBE,2.31,0.00,606,14,0
21007A252,MESSIDOR II,1.19,0.00,253,3,0
21007A291,FOREST NATIONAL - STADE,0.00,0.00,2,0,0
21007A373,CHARROI (RUE DE),0.00,0.00,19,0,0
21007A40-,PONT DE LUTTRE,5.09,0.32,2025,103,0
21007A41-,PONT DE LUTTRE-OUEST,4.61,0.00,521,24,0
21007A50-,BERANGER,5.01,0.00,3095,155,0
21007A51-,CHATAIGNE,5.10,0.83,980,50,0
21007A52-,VAN VOLXEM - PETITE I0USTRIE,6.21,0.00,1015,63,0
21007A53-,WIELEMANS CEUPPENS,4.79,0.51,2777,133,0
21007A541,LYCEE,4.94,0.00,628,31,0
21007A552,REINE MARIE-HENRIETTE,3.16,0.00,253,8,0
21007A60-,SAINT-ANTOINE,5.29,0.00,4463,236,0
21007A61-,MONTENEGRO (RUE),5.75,0.09,5270,303,0
21007A70-,ALTITUDE  CENT,4.38,0.52,3243,142,0
21007A71-,CHAUSSEE D'ALSEMBERG,6.13,0.00,1273,78,0
21007A72-,MOLIERE,4.62,0.35,4567,211,0
21007A73-,BERCKE0AEL (RUE),3.81,0.85,2204,84,0
21007A75-,TOURNOI (RUE DU),3.94,0.00,1016,40,0
21007A783,PARC DE FOREST,3.75,0.00,506,19,0
21007A79-,PARC DUDEN,0.00,0.00,9,0,0
21007A814,VILLAS - MONT KEMMEL,0.00,0.00,188,0,0
21008A00-,CENTRE,3.49,0.84,1117,39,0
21008A01-,VAN PAGE-SUD,3.91,0.00,640,25,0
21008A02-,SIPPELBERG,5.87,0.15,2999,176,0
21008A10-,PLATEAU,5.50,0.41,3202,176,0
21008A19-,BASILIQUE,0.00,0.00,2,0,0
21008A20-,CHARLES-QUINT,5.11,0.18,4170,213,0
21008A21-,MAIL,2.91,0.83,2506,73,0
21008A220,VILLAS DE GANSHOREN (OUEST),2.80,0.36,3005,84,0
21008A23-,DE MESMAEKER,5.74,0.00,296,17,0
21008A240,REFORME,3.88,0.57,1493,58,0
21008A27-,NESTOR MARTIN,0.00,0.00,0,0,0
21008A29-,RIVIERE MOLENBEEK,0.00,0.00,0,0,0
21008A30-,LE HOME,3.06,1.19,1276,39,0
21008A31-,TOUSSAINT,3.81,0.00,473,18,0
21008A32-,HEIDEKEN,5.23,0.05,1586,83,0
21008A33-,VAN PAGE-NORD,4.53,0.51,1171,53,0
21008A34-,PARC ALBERT,5.68,0.00,563,32,0
21008A35-,CHARTE,2.68,7.50,336,9,0
21008A38-,PARC DE RIVIEREN,0.00,0.00,1,0,0
21009A00-,CENTRE,3.78,1.36,2594,98,0
21009A01-,BLYCKAERTS,4.14,0.76,2128,88,0
21009A02-,MUSEE,3.24,0.00,3237,105,0
21009A03-,ERMITAGE,3.86,0.00,2046,79,0
21009A041,ARBRE BENIT,3.09,0.00,2391,74,0
21009A051,SAINT-BONIFACE,3.60,0.00,1333,48,0
21009A101,FLAGEY (PLACE),4.11,0.00,1776,73,0
21009A111,WERY (RUE),3.64,0.47,3295,120,0
21009A121,GENERAL DE GAULLE,3.75,0.00,1252,47,0
21009A13-,GACHARD,5.48,1.08,1459,80,0
21009A151,A. DELPORTE-NORD,3.13,0.00,990,31,0
21009A192,ETANGS,0.00,0.00,1,0,0
21009A20-,PETITE SUISSE (PLACE DE LA),2.19,1.21,3191,70,0
21009A21-,ETE,3.56,0.33,3626,129,0
21009A22-,UNIVERSITE,3.40,0.08,3855,131,0
21009A23-,ETOILE (RO0 POINT DE L'),2.88,0.00,2295,66,0
21009A29-,CIMETIERE,0.00,0.00,1,0,0
21009A2MJ,CAMPUS UNIVERSITAIRE,0.12,0.00,807,1,0
21009A301,BOO0AEL-NORD,4.11,0.44,950,39,0
21009A311,TREILLE (RUE DE LA),1.53,7.20,326,5,0
21009A33-,SAINT-ADRIEN,3.78,0.61,3755,142,0
21009A34-,STADE COMMUNAL,2.11,0.00,427,9,0
21009A40-,MELEZES,4.09,0.21,1832,75,0
21009A41-,SAINT-GEORGES,4.23,0.00,2292,97,0
21009A42-,RENIER CHALON,3.81,0.39,2781,106,0
21009A43-,FERNA0 NEURAY,3.26,0.61,1874,61,0
21009A44-,PREVOT,3.13,0.00,1983,62,0
21009A451,CHATELAIN (PLACE DU)-EST,3.20,1.05,2440,78,0
21009A501,LUXEMBOURG (PLACE DE),2.76,0.00,398,11,0
21009A512,WIERTZ,1.44,0.00,278,4,0
21009A52-,GRAY (RUE),4.23,1.80,3715,157,0
21009A53-,LO0RES (PLACE DE),3.41,0.90,3695,126,0
21009A542,EGLISE ANGLICANE,2.10,1.06,668,14,0
21009A552,PORTE DE NAMUR,4.46,0.00,1412,63,0
21009A593,QUARTIER LEOPOLD,0.00,0.00,0,0,0
21009A602,BELVEDERE,1.86,15.71,377,7,0
21009A612,LIEGEOIS (RUE),3.64,0.27,3025,110,0
21009A623,KLAUWAERTS,2.71,0.00,332,9,0
21009A63-,MACAU,3.19,0.37,2818,90,0
21009A652,HOPITAUX,3.55,0.00,2961,105,0
21009A712,CHATELAIN (PLACE DU)-OUEST,2.95,0.00,881,26,0
21009A72-,DEFACQZ,3.16,0.31,1740,55,0
21009A73-,BERCKE0AEL,3.86,0.00,2614,101,0
21009A802,BOO0AEL-SUD,1.39,0.00,288,4,0
21009A812,SCHOOLGAT,3.71,4.50,458,17,0
21009A82-,FORET,3.23,0.00,1268,41,0
21009A83-,L. ERNOTTE (RUE),4.60,0.38,1044,48,0
21009A90-,SAINT-PHILIPPE DE NERI,2.82,1.51,1558,44,0
21009A911,A. DELPORTE-SUD,3.82,0.19,1648,63,0
21009A922,CASERNE (Ixelles),3.24,0.00,340,11,0
21010A00-,CENTRE,3.88,0.32,6207,241,0
21010A01-,ESSEGHEM,4.72,0.23,4998,236,0
21010A02-,LEOPOLD I,4.88,0.07,4422,216,0
21010A03-,MIROIR,4.11,0.27,3383,139,0
21010A04-,NOTRE-DAME DE LOURDES,5.33,0.56,4449,237,0
21010A05-,ALBERT (QUARTIER),5.33,0.27,5649,301,0
21010A092,PARC DE LA JEUNESSE,0.00,0.00,0,0,0
21010A10-,ANCIENNE BARRIERE,4.02,1.40,2187,88,0
21010A111,HEYMBOSCH,3.69,0.00,2978,110,0
21010A121,F. MOHRFELD (RUE DE),4.96,0.00,1310,65,0
21010A13-,CITE-JARDIN,4.11,0.17,4482,184,0
21010A141,BRUGMANN,4.55,0.10,4266,194,0
21010A182,DIELEGEM (BOIS DE),0.00,0.00,2,0,0
21010A1AJ,ARBRE BALLON,4.66,0.18,3003,140,0
21010A21-,MADELEINE,5.19,0.12,3739,194,0
21010A312,BAECK DUPRE,4.34,0.00,921,40,0
21010A393,SACRE-COEUR,0.00,0.00,87,0,0
21010A493,LAERBEEK (BOIS DE),0.00,0.00,26,0,0
21010A4MJ,VUB,0.00,0.00,47,0,0
21011A00-,VANHUFFEL,4.33,0.80,2262,98,0
21011A01-,SAINTE-ANNE,5.53,0.49,4377,242,0
21011A02-,JACQUET (RUE DE),6.51,0.00,2057,134,0
21011A10-,PAIX (AVENUE DE LA),4.70,0.00,2594,122,0
21011A11-,LEPREUX,4.28,0.25,2126,91,0
21011A12-,BASILIQUE,4.89,0.52,2043,100,0
21011A20-,PLATEAU,4.90,0.00,3675,180,0
21011A29-,PARC ELISABETH,0.00,0.00,0,0,0
21011A30-,ARCHERS - FOUREZ,3.91,0.00,2637,103,0
21012A00-,CENTRE,5.06,0.00,2488,126,0
21012A011,CANAL-SUD,3.20,0.80,1219,39,0
21012A02-,BRUNFAUT (QUARTIER),4.78,1.03,878,42,0
21012A03-,RANSFORT,4.14,0.00,1932,80,0
21012A041,QUATRE VENTS,4.62,0.00,2101,97,0
21012A05-,SAINT-JOSEPH,5.75,1.37,1131,65,0
21012A10-,DUCHESSE DE BRABANT,5.66,0.00,2546,144,0
21012A11-,I0USTRIE,6.06,0.00,1435,87,0
21012A12-,BIRMINGHAM-SUD,6.35,0.05,1401,89,0
21012A13-,BIRMINGHAM-NORD,5.84,0.78,1540,90,0
21012A141,I0EPE0ANCE,5.46,0.61,2656,145,0
21012A152,ETANGS NOIRS,6.24,0.10,5886,367,0
21012A172,GARE OUEST,5.70,0.70,1157,66,0
21012A20-,BAECK,5.83,0.03,2059,120,0
21012A21-,MARIE-JOSE BLOCS,3.72,0.00,1801,67,0
21012A22-,BRASILIA,4.00,0.00,250,10,0
21012A23-,MACHTENS-SUD,5.27,0.10,3528,186,0
21012A24-,OSSEGHEM,5.78,0.19,3601,208,0
21012A25-,BEEKKANT,3.80,0.00,868,33,0
21012A26-,MACHTENS-NORD,3.54,0.00,3734,132,0
21012A29-,MARIE-JOSE (PARC),0.00,0.00,0,0,0
21012A2MJ,CHEMIN DE FER,0.00,0.00,61,0,0
21012A30-,METTEWIE - IDYLLE,5.33,0.33,2197,117,0
21012A39-,DE RAEDT,0.00,0.00,91,0,0
21012A41-,MOORTEBEEK,5.26,0.41,1596,84,0
21012A50-,BENES,5.07,0.35,3273,166,0
21012A511,STEYNS,5.90,0.15,2983,176,0
21012A52-,NEEP (QUARTIER DU),4.99,0.61,3870,193,0
21012A53-,SIPPELBERG,5.29,0.00,359,19,0
21012A54-,DELHAIZE,6.04,0.27,3180,192,0
21012A552,PFEIFFER,5.90,0.00,1373,81,0
21012A59-,KARREVELD,0.00,0.00,18,0,0
21012A60-,LAEKENVELD,5.87,0.04,4995,293,0
21012A611,MEXICO,6.32,0.00,1772,112,0
21012A62-,LIBERATEURS,5.12,0.50,5625,288,0
21012A63-,DUBRUCQ-NORD,6.59,0.20,2323,153,0
21012A672,ULENS,7.16,0.30,2638,189,0
21012A71-,PIERS,4.85,0.25,3959,192,0
21012A72-,LAVALLEE,4.99,0.00,2805,140,0
21012A732,CANAL-NORD,5.18,0.00,1314,68,0
21012A811,MYRTES-NORD,5.19,0.00,848,44,0
21012A822,KORENBEEK,5.24,0.00,4733,248,0
21012A833,ELBERS,3.06,2.80,457,14,0
21012A84-,METTEWIE-BUILDINGS,4.58,0.28,2097,96,0
21012A851,CO0OR,6.18,0.00,1343,83,0
21012A882,DARING,6.46,0.00,449,29,0
21013A00-,HOTEL DE VILLE,3.50,0.00,3571,125,0
21013A01-,ESPAGNE (RUE D'),3.60,0.52,3247,117,0
21013A02-,CAPOUILLET (RUE),3.60,0.35,3198,115,0
21013A031,AMAZONE (RUE DE),3.70,0.00,1380,51,0
21013A04-,PRISON,3.83,0.00,1699,65,0
21013A052,FAIDER (RUE),3.81,0.00,1286,49,0
21013A101,PARVIS,4.90,0.00,2533,124,0
21013A102,PARVIS,4.94,0.00,405,20,0
21013A11-,PARME (RUE DE),4.00,1.80,1701,68,0
21013A121,GUILLAUME TELL-SUD,5.99,0.00,868,52,0
21013A13-,DETHY (RUE),3.04,1.03,2306,70,0
21013A151,METAL (RUE DU),3.01,1.52,1959,59,0
21013A201,ANGLETERRE (RUE D'),5.35,0.45,2338,125,0
21013A211,FONTAINAS,3.12,1.68,2343,73,0
21013A22-,REGIES,4.83,0.24,3748,181,0
21013A23-,ROI (AVENUE DU),4.74,0.18,1498,71,0
21013A242,BETHLEEM (PLACE DE),4.31,0.00,1834,79,0
21013A252,DANEMARK (RUE DE),4.67,0.60,2120,99,0
21013A2MJ,GARE DU MIDI,0.00,0.00,39,0,0
21013A40-,BARRIERE,4.27,0.24,2109,90,0
21013A41-,VILLAS (AVENUE DES),5.08,0.19,2640,134,0
21013A422,CRICKX (RUE),4.77,0.20,2958,141,0
21013A51-,TOISON D'OR (AVENUE),2.46,0.34,1788,44,0
21013A522,RUE D'ECOSSE,2.79,1.26,1861,52,0
21013A612,JAMAR,5.42,0.00,406,22,0
21013A623,FRANCE (RUE DE),0.00,0.00,53,0,0
21014A00-,PLACE SAINT-JOSSE,4.89,0.52,3375,165,0
21014A01-,STEURS,5.52,0.00,1141,63,0
21014A02-,CHARITE,3.89,0.92,1749,68,0
21014A03-,MADOU,4.65,0.66,1139,53,0
21014A04-,HAECHT (CHAUSSEE DE),3.59,0.70,3287,118,0
21014A05-,HOUWAERT,4.76,0.30,7539,359,0
21014A10-,SAINT-FRANCOIS,3.10,0.69,2615,81,0
21014A12-,SAINT-LAZARE,5.95,0.00,353,21,0
21014A13-,ROGIER,0.00,0.00,0,0,0
21014A14-,PRAIRIE,4.74,0.06,1266,60,0
21014A18-,JARDIN BOTANIQUE,0.00,0.00,1,0,0
21014A2MJ,NORD,0.00,0.00,5,0,0
21014A3MJ,MANHATTAN,5.35,0.00,523,28,0
21014A41-,BOSSUET,5.09,0.39,3985,203,0
21015A00-,COLIGNON (PLACE),5.47,0.06,7555,413,0
21015A01-,VAN YSE0YCK (RUE),5.52,0.64,1014,56,0
21015A021,HOUFFALIZE (PLACE),5.28,0.07,3615,191,0
21015A03-,JOSAPHAT (RUE),5.58,0.43,5520,308,0
21015A04-,L'OLIVIER (RUE),5.24,0.34,4996,262,0
21015A05-,ROYALE SAINTE-MARIE (RUE),5.27,0.14,4577,241,0
21015A101,GARE,6.63,0.41,1810,120,0
21015A111,MAETERLINCK,5.49,0.03,2789,153,0
21015A12-,HUART HAMOIR (AVENUE),5.11,0.31,2504,128,0
21015A13-,PORTAELS (RUE),6.30,0.21,2300,145,0
21015A142,SAINTE-FAMILLE,6.47,0.00,232,15,0
21015A152,PR. ELISABETH-NORD,6.19,0.31,3685,228,0
21015A20-,HELMET,6.00,0.28,5698,342,0
21015A21-,GUIDO GEZELLE (RUE),5.41,0.00,2237,121,0
21015A22-,MARBOTIN A. (RUE),4.54,0.00,3571,162,0
21015A231,J. BLOCKX (RUE),5.61,0.22,1586,89,0
21015A24-,WAELHEM (RUE),6.26,0.23,2845,178,0
21015A272,HOPITAL P. BRIEN,4.47,0.00,313,14,0
21015A30-,GRA0E RUE AU BOIS,4.73,0.51,3654,173,0
21015A31-,PATRIE,4.73,0.00,2476,117,0
21015A32-,CONSOLATION (RUE DE LA),4.42,0.16,2920,129,0
21015A33-,BIENFAITEURS (PLACE DE),4.75,0.26,2444,116,0
21015A34-,PAQUERETTES (RUE),5.12,0.00,1660,85,0
21015A35-,JEAN STOBBAERTS (AVENUE),4.54,1.52,2180,99,0
21015A36-,CAMBIER (AVENUE E.),5.01,0.43,1936,97,0
21015A39-,JOSAPHAT (PARC),0.00,0.00,11,0,0
21015A40-,BRABANT (RUE DE),5.25,0.12,3755,197,0
21015A41-,VA0ERLI0EN (RUE),5.74,0.22,3416,196,0
21015A421,PALAIS (RUE DE),7.20,0.00,1903,137,0
21015A43-,GARE DU NORD,6.95,0.53,1771,123,0
21015A44-,REINE (AVENUE),5.12,0.39,3634,186,0
21015A45-,STEPHENSON (PLACE),5.00,0.00,1680,84,0
21015A50-,OPALE,4.21,0.09,5064,213,0
21015A51-,CERISIERS (AVENUE DES),3.39,0.00,1712,58,0
21015A52-,LINTHOUT (RUE),3.88,0.54,2755,107,0
21015A53-,DAILLY (PLACE),4.98,1.73,3455,172,0
21015A54-,EMERAUDE (AVENUE),4.44,0.00,5062,225,0
21015A612,BRICHAUT (RUE DE),5.19,0.00,4339,225,0
21015A622,BRUSILIA,4.30,1.40,954,41,0
21015A63-,DESCHANEL P. (AVENUE),5.30,0.00,1586,84,0
21015A64-,DUPLOYE SQUARE,4.64,0.03,3059,142,0
21015A70-,P. HYMANS (RUE),4.12,0.00,1965,81,0
21015A71-,JARDINS,4.42,0.00,1516,67,0
21015A721,F. COURTENS (AVENUE),4.49,0.56,981,44,0
21015A73-,H. EVENEPOEL (RUE),5.41,0.34,1368,74,0
21015A77-,R.T.B.,3.10,1.54,2322,72,0
21015A782,CIMETIERE DE SAINT-JOSSE,5.52,0.00,290,16,0
21015A7MJ,JOSAPHAT GARE,0.00,0.00,3,0,0
21015A811,TERDELT,3.68,0.45,1332,49,0
21015A822,CH. GILISQUET - SUD (AVENUE),4.01,0.00,424,17,0
21015A831,LATINIS (AVENUE G.),3.97,0.86,3756,149,0
21015A883,THEUNIS PIERRE (RUE),2.85,0.54,527,15,0
21016A00-,GLOBE-EST,3.37,0.03,4425,149,0
21016A01-,DIEWEG,2.89,0.04,4082,118,0
21016A02-,ALSEMBERG-NORD,4.13,1.42,3611,149,0
21016A03-,COGHEN,4.20,0.32,2906,122,0
21016A042,ECHEVINAGE,2.54,1.57,511,13,0
21016A05-,LE CHAT,3.77,0.58,4110,155,0
21016A102,GROESELENBERG,2.46,0.73,2031,50,0
21016A111,VERT CHASSEUR,4.06,0.00,936,38,0
21016A12-,HAMOIR,2.03,1.22,2366,48,0
21016A13-,OBSERVATOIRE,0.00,0.00,2,0,0
21016A193,WOLVE0AEL,0.00,0.00,0,0,0
21016A214,ASTRONOMES,2.59,0.00,463,12,0
21016A225,PTOLEMEE,2.34,0.00,512,12,0
21016A232,BEAU SEJOUR,2.99,1.69,1472,44,0
21016A311,FORT JACO,1.96,0.14,1633,32,0
21016A322,CHAUSSEE DE WATERLOO-EST,3.08,0.75,778,24,0
21016A331,CHAUSSEE DE WATERLOO-OUEST,2.39,0.00,335,8,0
21016A342,FO0,2.19,0.44,3241,71,0
21016A383,FORET DE SOIGNES LORRAINE-W.,0.00,0.00,0,0,0
21016A39-,FORET DE SOIGNES LORRAINE-EST,0.00,0.00,6,0,0
21016A400,SAINT-JOB,3.45,0.98,2583,89,0
21016A410,ALPHONSE XIII,1.89,0.74,898,17,0
21016A429,CARLOO,3.02,0.07,1757,53,0
21016A44-,PECHERIE,2.70,0.32,2554,69,0
21016A490,KAUWBERG,1.69,0.00,356,6,0
21016A521,VERREWINKEL,2.35,0.00,469,11,0
21016A533,MOENSBERG,3.18,0.00,660,21,0
21016A601,BOURDON,3.23,1.72,1113,36,0
21016A610,ENGELA0,2.47,0.00,486,12,0
21016A620,KRIEKENPUT,1.81,0.74,997,18,0
21016A639,HOMBORCH,2.34,1.68,2516,59,0
21016A64-,MOLENSTEEN,4.61,1.65,2124,98,0
21016A65-,ALSEMBERG-SUD,4.12,0.84,995,41,0
21016A692,CIMETIERE - ST.-GILLES,0.00,0.00,1,0,0
21016A701,MERLO,3.82,0.73,2593,99,0
21016A71-,KEIENBEMPT,3.20,0.82,1967,63,0
21016A72-,MELKRIEK,2.30,0.00,826,19,0
21016A731,ROETAERT,4.28,0.00,538,23,0
21016A772,ZWARTEBEEK,4.15,0.13,674,28,0
21016A80-,VA0ERKI0ERE,3.37,0.18,2790,94,0
21016A81-,BASCULE,3.49,0.26,3213,112,0
21016A82-,CHURCHILL,2.82,0.84,4963,140,0
21016A831,LONGCHAMP,2.67,1.14,2994,80,0
21016A841,ZEECRABBE,1.34,0.00,447,6,0
21016A85-,BRUGMANN,2.17,0.00,1890,41,0
21016A901,CENTRE-OUEST,2.62,1.44,2136,56,0
21016A912,GLOBE-OUEST,3.72,0.50,1074,40,0
21016A922,WOLVENBERG,4.00,0.00,1099,44,0
21016A933,VOSSEGAT-OUEST,2.93,0.24,2865,84,0
21016A943,SEPT-BONNIERS,4.47,0.17,985,44,0
21016A954,VOSSEGAT-EST,4.59,0.00,283,13,0
21017A000,CENTRE DE BOITSFORT,2.64,0.00,1097,29,0
21017A01-,COIN DU BALAI,3.27,1.05,1285,42,0
21017A021,DREVE DES EQUIPAGES,0.79,0.00,379,3,0
21017A031,AVENUE DELLEUR,0.00,0.00,136,0,0
21017A041,DREVE DU DUC,3.11,0.00,868,27,0
21017A08-,SOUVERAIN-EST,0.00,0.00,169,0,0
21017A09-,FORET DE SOIGNES,0.00,0.00,10,0,0
21017A11-,FLOREAL,3.11,0.00,1446,45,0
21017A12-,LE LOGIS-NORD,2.38,1.08,2266,54,0
21017A13-,BOULEAUX,3.08,0.34,1137,35,0
21017A192,STADE DES TROIS TILLEULS,0.00,0.00,14,0,0
21017A212,AVENUE DE LA TE0ERIE,2.36,0.44,1781,42,0
21017A220,LE LOGIS-SUD,2.50,0.21,641,16,0
21017A230,BEGUINETTES,2.81,0.13,1317,37,0
21017A240,SOUVERAIN-OUEST,2.64,0.15,794,21,0
21017A312,CLOS DES CHENES,0.00,0.00,165,0,0
21017A323,DREVE DES TUMULI,0.00,0.00,115,0,0
21017A374,ZONING DE BUREAUX-SUD,0.00,0.00,273,0,0
21017A382,FORESTERIE,0.00,0.00,0,0,0
21017A393,ETANGS DE BOITSFORT,0.00,0.00,38,0,0
21017A41-,AVENUE DE VISE,3.49,0.00,1603,56,0
21017A421,WATERMAEL - STATION,0.00,0.00,143,0,0
21017A432,DRIES,3.97,0.19,1109,44,0
21017A443,VILLE-ET-FORET - ELAN,2.78,0.00,828,23,0
21017A451,FUTAIE,3.78,0.00,1323,50,0
21017A472,ZONING DE BUREAUX-NORD,0.00,0.00,19,0,0
21017A501,CENTRE DE WATERMAEL,3.56,1.87,393,14,0
21017A512,VA0ER ELST - BIEN FAIRE,3.68,0.37,1114,41,0
21017A523,MARTIN-PECHEUR,2.48,1.50,1534,38,0
21017A534,RUE DES BEGONIAS,3.82,0.00,340,13,0
21017A541,LOUTRIER - WIENER,3.31,0.00,907,30,0
21017A613,AVENUE DE TERCOIGNE,0.00,0.00,127,0,0
21017A624,PECHERIES,3.00,0.00,1101,33,0
21017A635,PRINCES BRABANCONS,2.47,0.00,446,11,0
21017A696,HERONNIERE,0.00,0.00,85,0,0
21018A00-,TOMBERG,3.48,0.00,1551,54,0
21018A01-,SAINT-LAMBERT,5.15,1.87,1010,52,0
21018A02-,SLEGERS (AVENUE),3.57,0.00,1372,49,0
21018A031,ABELOOS,3.35,0.00,1550,52,0
21018A04-,BEETEPUT,3.70,0.00,1894,70,0
21018A05-,DRIES,3.78,0.48,1189,45,0
21018A09-,RASANTE,2.08,0.00,288,6,0
21018A12-,STOCKEL (CHAUSSEE DE),3.29,0.00,1366,45,0
21018A13-,GROOTVELD,3.45,0.00,550,19,0
21018A14-,CHANCELLERIE,3.23,3.12,1207,39,0
21018A15-,LES SOURCES,4.25,0.00,212,9,0
21018A19-,STRUYCKBEKEN,0.00,0.00,17,0,0
21018A20-,GEORGES HENRI (AVENUE),4.10,0.61,3247,133,0
21018A21-,DE BROQUEVILLE (AVENUE)-NORD,3.29,0.88,3160,104,0
21018A22-,DE BROQUEVILLE (AVENUE)-SUD,3.38,0.00,1746,59,0
21018A24-,LAMBEAU (AVENUE),3.24,0.06,2220,72,0
21018A30-,SAINTE-FAMILLE,2.59,0.00,1275,33,0
21018A311,PARC SCHUMAN,3.15,0.00,2315,73,0
21018A32-,CLOS DES PEUPLIERS,2.45,7.00,449,11,0
21018A33-,NEERVELD,3.43,0.53,2127,73,0
21018A34-,HOF TEN BERG-SUD,3.35,0.00,1164,39,0
21018A35-,HOF TEN BERG-NORD,2.50,0.00,1042,26,0
21018A37-,COMMUNAUTES,3.75,0.00,427,16,0
21018A3MJ,GULLEDELLE,4.74,0.00,3269,155,0
21018A41-,EUROPE,3.25,0.52,1506,49,0
21018A42-,VERVLOESEM,3.89,0.00,1260,49,0
21018A43-,ROODEBEEK,3.73,0.00,1073,40,0
21018A512,QUARTIER DES PEINTRES,4.42,0.36,1650,73,0
21018A60-,ROODEBEEK PARC,3.66,7.92,629,23,0
21018A61-,HEYDENBERG-EST,3.42,0.68,1874,64,0
21018A62-,HEYDENBERG-OUEST,4.06,0.00,3496,142,0
21018A63-,CONSTELLATIONS,2.81,0.60,1742,49,0
21018A643,DEUX MAISONS,2.75,0.19,1927,53,0
21018A72-,ROGATIONS,2.90,0.30,2449,71,0
21018A81-,KAPELLEVELD-SUD,1.63,0.33,613,10,0
21018A82-,MARIE LA MISERABLE,2.40,0.00,584,14,0
21018A83-,KLAKKEDELLE,2.99,1.05,969,29,0
21018A84-,KAPELLEVELD-NORD-EST,1.77,1.38,793,14,0
21018A87-,SAINT-LUC,3.50,5.93,1029,36,0
21019A001,CENTRE,4.13,0.93,1621,67,0
21019A01-,BOULEVARD DE LA WOLUWE,4.10,0.70,707,29,0
21019A02-,CLOS DU SOLEIL,6.00,0.00,300,18,0
21019A03-,CAPITAINE PIRET (AVENUE),3.28,0.00,1129,37,0
21019A04-,EGGERICX (RUE),3.72,0.10,1076,40,0
21019A052,DON BOSCO,3.47,0.00,1009,35,0
21019A09-,WOLUWE (PARC DE),0.00,0.00,6,0,0
21019A10-,STOCKEL,3.37,0.88,2465,83,0
21019A11-,MILLE METRES (AVENUE),2.95,0.00,1050,31,0
21019A12-,ESCRIME (AVENUE DE L'),2.13,0.00,611,13,0
21019A131,KONKEL,3.38,0.59,1715,58,0
21019A14-,VAL DE SEIGNEURS,2.85,0.00,1684,48,0
21019A15-,KAPELLEVELD,3.46,1.04,1562,54,0
21019A20-,SAINT-PAUL,3.46,0.00,1300,45,0
21019A21-,MANOIR,3.72,0.96,1587,59,0
21019A22-,PUTDAAL,1.28,0.00,623,8,0
21019A231,KELLE,4.41,0.42,1042,46,0
21019A242,VENELLES,2.84,0.63,1128,32,0
21019A252,MONTGOLFIER,2.21,0.00,1224,27,0
21019A28-,ETANGS MELLAERTS,0.00,0.00,111,0,0
21019A30-,EGLANTINES (AVENUE),3.85,0.56,936,36,0
21019A31-,BEMEL,2.82,0.00,1311,37,0
21019A32-,CHANT D'OISEAU,5.00,0.58,2680,134,0
21019A33-,MIMOSAS (AVENUE),3.48,0.00,1839,64,0
21019A34-,EUROPE (QUARTIER DE L'),3.63,0.00,1131,41,0
21019A35-,HORIZON (AVENUE),2.19,0.00,1463,32,0
21019A40-,SAINTE-ALIX,3.31,0.04,2901,96,0
21019A41-,CITE JOLI-BOIS,2.44,0.72,1066,26,0
21019A42-,SALOME AVENUE,2.23,2.88,1303,29,0
21019A43-,CORNICHE VERTE,2.69,1.69,520,14,0
21019A441,FAISA0ERIE,0.76,0.00,394,3,0
21019A45-,HELICE (AVENUE DE L'),1.93,0.00,934,18,0
21019A492,BOIS,0.00,0.00,2,0,0
21019A51-,COLLEGE SAINT-MICHEL,3.59,0.00,1781,64,0
21019A52-,DUC (RUE),3.04,0.00,1347,41,0
