Code;Territoire;single dad;;Faire une loi normale centrée en 43 allant de 16 à 70
21001A041;VEEWEYDE-SUD;19;;
21001A472;STADE COMMUNAL - INDUSTRIE;0;;
21001A83-;PETERBOS;17;;
21001A503;VIVES;11;;
21001A3MJ;CERIA I;0;;
21001A331;WALCOURT;0;;
21001A332;ROUE;9;;
21001A43-;VAN BEETHOVEN;5;;
21001A401;ARBORETUM;0;;
21001A32-;AURORE;27;;
21001A53-;NELLIE MELBA;0;;
21001A41-;ROMAIN ROLLAND;16;;
21001A492;ETANGS - PARC;0;;
21001A37-;ZUEN - INDUSTRIE;0;;
21001A85-;AUBADE;0;;
21001B3MJ;PETITE ILE - RIVE DROITE;0;;
21001A51-;SCHERDEMAEL;10;;
21001A42-;KAT;0;;
21001A52-;SCHERDEMAEL-NORD;0;;
21001C70-;BON AIR - CENTRE;0;;
21001A552;TREFLE;16;;
21001A84-;POESIE;4;;
21001A34-;ROUE - CITE JARDIN;17;;
21001A350;CERIA - ZONE D'HABITAT;8;;
21001A441;DOCTEUR ROUX;16;;
21001C512;CHANTS D'OISEAUX;11;;
21001C71-;BON AIR - CITE JARDIN;11;;
21001A82-;MOORTEBEEK;14;;
21001C611;SOETKIN;0;;
21001C581;CIMETIERE;0;;
21001C522;HOPITAL U.L.B.;0;;
21001A451;VENIZELOS;11;;
21001A30-;BIZET;24;;
21001A80-;SILLON;19;;
21001A81-;BROECK;15;;
21001C79-;BON AIR - HABITATIONS DISP.;0;;
21001A31-;CHAUSSEE DE MONS - SAINT-LUC;0;;
21001A031;RAUTER-SUD;12;;
21001B22-;BROGNIEZ-SUD;10;;
21001B321;ALBERT I- QUARTIER;13;;
21001B20-;CONSEIL-NORD;53;;
21001B23-;CONSEIL-SUD;14;;
21001A142;VEEWEYDE-NORD;13;;
21001A051;LINDE-EST;16;;
21001A941;CROCUS;15;;
21001A732;SCHEUTVELD;0;;
21001A982;PARC FORESTIER;0;;
21001A90-;SCHEUTKAPEL;8;;
21001A783;SCHEUT-INTERNAT;0;;
21001A132;RAUTER-NORD;7;;
21001B31-;ALBERT I- IMMEUBLES;0;;
21001B25-;REVISION-NORD;27;;
21001B11-;ROSEE-OUEST;0;;
21001A72-;OSSEGEM;24;;
21001A011;KLEINMOLEN;22;;
21001B17-;ABATTOIR;7;;
21001A712;SCHEUT - DE SMET;0;;
21001A07-;BIRMINGHAM;0;;
21001B21-;BROGNIEZ-NORD;30;;
21001A911;SCHEUT-EST;21;;
21001A931;AGRAFE-NORBERT GILLE;10;;
21001A74-;SCHEUT-OUEST;31;;
21001A92-;JAKOB SMITS;16;;
21001A00-;RESISTANCE;33;;
21001A08-;ASTRID (PARC);0;;
21001A95-;BUFFON;24;;
21001B10-;ROSEE-EST;15;;
21001B332;GOUJONS;7;;
21001B241;REVISION-SUD;15;;
21001B372;DEUX GARES;0;;
21001A10-;PORSELEIN;8;;
21001A120;MINIMES;35;;
21001A152;LINDE-OUEST;8;;
21001A02-;WAYEZ;10;;
21001A112;BIESTEBROEK;21;;
21002A20-;SAINT-JULIEN;11;;
21002A53-;PECHERIES;14;;
21002A511;INVALIDES (BOULEVARD DES);22;;
21002A23-;TH. BALIS (PLACE);10;;
21002A22-;CANARIS (AVENUE DES);0;;
21002A24-;AVENUE DE BROUCKERE;7;;
21002A25-;WATERMAEL (CHAUSSEE DE);11;;
21002A45-;VAL DUC;0;;
21002A441;CHANT D'OISEAUX;6;;
21002A482;VAL DUCHESSE;0;;
21002A190;FORET DE SOIGNES;0;;
21002A130;PARC DES PRINCES;12;;
21002A572;DEPOT METRO;0;;
21002A311;AMITIE (PLACE DE L');6;;
21002A372;QUARTIER INDUSTRIE;0;;
21002A492;WOLUWE PARC;0;;
21002A30-;TRIOMPHE (BOULEVARD DU);12;;
21002A21-;LEBON;11;;
21002A411;PUTDAAL;0;;
21002A00-;CENTRE - NORD;11;;
21002A39-;CHEMIN DE FER;0;;
21002A18-;ROUGE CLOITRE;0;;
21002A02-;CENTRE-SUD;8;;
21002A030;LAMMERENDRIES;14;;
21002A15-;SOUVERAIN (BLV DU)- BUILDINGS;0;;
21002A11-;SACRE-COEUR;11;;
21002A10-;TRANSVAAL;30;;
21002A14-;TEN REUKEN;0;;
21002A12-;AVENUE SCHALLER;17;;
21002A43-;SOUVERAIN (BOULEVARD DU) NORD;13;;
21002A091;TROIS COULEURS;0;;
21002A422;AVENUE IS.GERARD;0;;
21002A072;CENTRE COMMERCIAL;0;;
21002A041;VIGNETTE;0;;
21002A01-;SAINTE-ANNE;0;;
21002A52-;BEAULIEU;0;;
21003A38-;KONINCKXBOS;0;;
21003A312;POTAARDE  VLAK;12;;
21003A323;SEPT ETOILES;0;;
21003A342;HOGENBOS;0;;
21003A331;ALLEE VERTE;0;;
21003A04-;L. DE SMET;7;;
21003A0AJ;HUNDERENVELD;7;;
21003A02-;LAURE - BASILIQUE;22;;
21003A03-;HAUT-CHAMP;16;;
21003A011;MOLENBERG;16;;
21003A212;CLOS DU ZAVELENBERG;0;;
21003A00-;CENTRE;29;;
21003A283;ZAVELENBERG;0;;
21003A11-;CITE MODERNE;0;;
21003A05-;DE SELLIERS DE MORANVILLE;15;;
21003A41-;MONNET;0;;
21003A2MJ;GARE;0;;
21003A10-;HOPITAL FRANCAIS;24;;
21004B421;MARIE-LOUISE (SQUARE);27;;
21004B411;DEUX EGLISES (RUE DES);11;;
21004F511;AVENUE DES PAGODES;18;;
21004C62-;BOENDAAL-OUEST;0;;
21004C65-;VIVIER D'OIE;0;;
21004G310;HAREN-SUD-OUEST;10;;
21004D6MJ;QUAI DES USINES - MONNOYER;0;;
21004F94-;VAL MARIA;0;;
21004F901;PLACE PETER BENOIT;13;;
21004G371;GARE DE FORMATION;0;;
21004G30-;SAINTE-ELISABETH;18;;
21004F930;COIN DES CERISES;11;;
21004G321;HAREN-EST;4;;
21004B2WJ;RUE DE PASCAL - ST.-SACREMENT;0;;
21004B45-;ECOLE MILITAIRE;6;;
21004B49-;CINQUANTENAIRE (PARC DU);0;;
21004B1MJ;RUE JOSEPH II;0;;
21004A25-;BEGUINAGE (PLACE DU);12;;
21004B2MJ;SCHUMAN (ROND-POINT);0;;
21004B44-;AMBIORIX-SUD (SQUARE);15;;
21004B43-;AMBIORIX-NORD (SQUARE);42;;
21004B293;LEOPOLD (PARC);0;;
21004A24-;MARCHE AU PORCS;21;;
21004F970;MARLY-NORD;0;;
21004A35-;AD. MAX (BOULEVARD);5;;
21004A83-;E. JACQMAIN (BOULEVARD)-OUEST;9;;
21004F994;TRASSERSWEG - NEDER-HEEMBEEK;0;;
21004F531;RUE DES FAINES;22;;
21004E180;DOMAINE ROYALE;0;;
21004E292;AVENUE DES CROIX DU FEU;0;;
21004G3MJ;DOBBELENBERG (RUE DE);0;;
21004F572;MARLY-SUD;0;;
21004F91-;CROIX DE GUERRE (AVENUE DES);16;;
21004F922;RUE CHATEAU BEYAERD;22;;
21004G3NJ;HAREN-SUD;0;;
21004C642;AVENUE FRANKLIN ROOSEVELT;0;;
21004C591;CAMBRE (BOIS DE LA);0;;
21004C61-;U.L.B.;0;;
21004C54-;LOUISE (AVENUE)-SUD-EST;9;;
21004C63-;NATIONS (SQUARE DES);8;;
21004B2NJ;CITE DE LA CHAUSSEE;0;;
21004B13-;TREVES (RUE DE);0;;
21004F953;RUE DU WIMPELBERG;7;;
21004F9MJ;NEDER-HEEMBEEK-NORD;4;;
21004A02-;SAINT-FRANCOIS XAVIER;9;;
21004A70-;BLAES (RUE)-SUD;45;;
21004A1MJ;COLONIES (RUE DES);0;;
21004A03-;BON SECOURS - PALAIS DU MIDI;16;;
21004A19-;PALAIS ROYAL;0;;
21004A23-;NOUVEAU MARCHE AU GRAIN;22;;
21004A10-;GARE CENTRALE;0;;
21004A01-;VIEILLE HALLE AUX BLES;0;;
21004A22-;SENNE (RUE DE LA);25;;
21004B10-;ORBAN (SQUARE);0;;
21004A72-;SAINT-THOMAS (INSTITUT);12;;
21004A71-;BLAES (RUE)-CENTRE;9;;
21004A002;BOURSE;0;;
21004A34-;MONNAIE;5;;
21004A15-;JACOBS (PLACE);0;;
21004A04-;NOTRE-DAME DE LA CHAPELLE;14;;
21004A16-;PALAIS JUSTICE-HOP. ST.-PIERRE;12;;
21004A20-;BOURSE-NORD-OUEST;23;;
21004A14-;GRAND SABLON;7;;
21004A001;GRAND-PLACE;0;;
21004A32-;CONGRES - GARE;9;;
21004A30-;SAINT-MICHEL ET GUDULE;0;;
21004C52-;LOUISE (AVENUE)-NORD-OUEST;3;;
21004A12-;REGENT (BOULEVARD DU);0;;
21004C552;LOUISE (AVENUE)-SUD;11;;
21004B112;RUE DU COMMERCE;0;;
21004A3MJ;CITE ADMINISTRATIVE ET CONGRES;0;;
21004C51-;LOUISE (AVENUE)-NORD-EST;8;;
21004A33-;LIBERTE (PLACE DE LA);18;;
21004C53-;LOUISE (AVENUE)-SUD-OUEST;0;;
21004C501;LOUISE (AVENUE)-NORD;0;;
21004A21-;ANNEESSENS (PLACE);59;;
21004A13-;PETIT SABLON;0;;
21004E70-;MARIE-CHRISTINE (RUE);44;;
21004E74-;EM. DELVA (RUE);55;;
21004E201;AVENUE JEAN DE BOLOGNE;59;;
21004E83-;STIENON (AVENUE);42;;
21004E8MJ;HEYSEL;0;;
21004E130;SACRE-COEUR;41;;
21004E73-;EM. BOCKSTAEL (BOULEVARD)-SUD;27;;
21004E72-;MAISON ROUGE (PLACE)-SUD;38;;
21004E193;N.D. DE LAEKEN;0;;
21004D64-;MASUI (PLACE)-NORD;8;;
21004E112;RUE DES CHRYSANTHEMES;0;;
21004D62-;ANVERS (CHAUSSEE D')-NORD;40;;
21004E211;RUE DE WAND;0;;
21004D631;ALLEE VERTE - BASSIN VERGOTE;0;;
21004E12-;PRINCE LEOPOLD (SQUARE);38;;
21004D6NJ;TOUR ET TAXIS;0;;
21004A822;RUE DES COMMERCANTS;0;;
21004E800;DIVIN JESUS;10;;
21004E233;DE MEYSSE (AVENUE);0;;
21004E101;PARVIS NOTRE DAME;15;;
21004A811;QUAI DU COMMERCE;21;;
21004D672;QUAI DE WILLEBROECK;11;;
21004E14-;ECOLE DES CADETS;22;;
21004F522;AVENUE DE VERSAILLES;19;;
21004E82-;CITE MODELE;25;;
21004E222;MUTSAARD (AVENUE);15;;
21004E81-;DISQUE (RUE DU);10;;
21004D600;PARVIS SAINT-ROCH;14;;
21004D610;ANVERS (CHAUSSEE D')-SUD;15;;
21004E8NJ;HOPITAL BRUGMANN;0;;
21005A10-;GENERAL HENRI (RUE);19;;
21005A042;PH. BAUCQ (RUE);25;;
21005A02-;CHAMP DU ROI (RUE);18;;
21005A33-;CARDINAL LAVIGERIE (RUE);8;;
21005A14-;ARMEE (AVENUE DE L');23;;
21005A13-;LA CHASSE;11;;
21005A082;COURS ST-MICHEL;0;;
21005A01-;SAINTE-GERTRUDE;21;;
21005A322;NOUVELLE AVENUE-SUD;0;;
21005A311;CASERNE (Etterbeek);5;;
21005A20-;PORTE DE TERVUEREN - TONGRES;7;;
21005A15-;SAINT-MICHEL COLLEGE;11;;
21005A031;MAELBEEK;12;;
21005A051;RINSDELLE;30;;
21005A11-;NOTRE-DAME DU SACRE-COEUR;15;;
21005A00-;HOTEL COMMUNAL;19;;
21005A29-;CINQUANTENAIRE (PARC);0;;
21005A12-;SAINT-ANTOINE;47;;
21005A22-;PORTE DE TERVUEREN - L. DE LAN;6;;
21005A21-;PORTE DE TERVUEREN - BRAFFORT;0;;
21006A12-;GERMINAL I;0;;
21006A11-;OASIS - PROVENCE - LANGUEDOC;0;;
21006A153;KEET;6;;
21006A13-;MAISON COMMUNALE;14;;
21006A02-;IEDER ZIJN HUIS - STROOBANTS;0;;
21006A073;GARE DE FORMATION;0;;
21006A03-;BLOCS SAINT-VINCENT;0;;
21006A094;BON PASTEUR;0;;
21006A515;CARLI;8;;
21006A24-;IEDER ZIJN HUIS - ZAVENTEM;0;;
21006A403;QUARTIER CICERO;16;;
21006A474;COMMUNAUTES;5;;
21006A201;HAUT-EVERE;20;;
21006A272;QUARTIER GROSJEAN;0;;
21006A21-;HOME FAMILIAL BRABANT;6;;
21006A23-;DU BONHEUR;18;;
21006A37-;ZONE INDUSTRIELLE;0;;
21006A312;J. BORDET (AVENUE DE);0;;
21006A101;CONSCIENCE;31;;
21006A001;VIEIL EVERE;17;;
21006A414;P. DUPONT (RUE);16;;
21006A171;ANCIEN COMBATTANTS (AVENUE);0;;
21006A25-;GIBET;3;;
21006A48-;CIMETIERE BRUXELLES;0;;
21006A22-;SAINT-EXUPERY;14;;
21006A011;CENTRE;25;;
21006A142;ED. DEKNOOP (RUE);10;;
21006A042;KERKHOEK;9;;
21006A052;CHAMP DE REPOS;14;;
21006A323;GERMINAL II;0;;
21007A03-;FOYER FORESTOIS - FAMILLE;4;;
21007A252;MESSIDOR II;0;;
21007A201;ROOSENDAEL (RUE);20;;
21007A21-;MAGNANERIE;0;;
21007A291;FOREST NATIONAL - STADE;0;;
21007A242;GLOBE;0;;
21007A75-;TOURNOI (RUE DU);9;;
21007A814;VILLAS - MONT KEMMEL;0;;
21007A111;MESSIDOR I;0;;
21007A41-;PONT DE LUTTRE-OUEST;0;;
21007A142;MONTE CARLO;14;;
21007A53-;WIELEMANS CEUPPENS;19;;
21007A50-;BERANGER;29;;
21007A51-;CHATAIGNE;0;;
21007A552;REINE MARIE-HENRIETTE;0;;
21007A541;LYCEE;0;;
21007A61-;MONTENEGRO (RUE);35;;
21007A06-;KATANGA;0;;
21007A04-;FOYER FORESTOIS - MADELON;0;;
21007A00-;CENTRE SAINT-DENIS;31;;
21007A101;BOURGOGNE;16;;
21007A783;PARC DE FOREST;0;;
21007A373;CHARROI (RUE DE);0;;
21007A071;BOLLINCKX;6;;
21007A70-;ALTITUDE  CENT;29;;
21007A239;NEPTUNE (AVENUE) I;24;;
21007A05-;NEERSTALLE;0;;
21007A082;BEMPT;0;;
21007A01-;CURE D'ARS;13;;
21007A132;DENAYER (RUE);0;;
21007A52-;VAN VOLXEM - PETITE INDUSTRIE;12;;
21007A40-;PONT DE LUTTRE;13;;
21007A02-;STUART MERRIL;0;;
21007A12-;HAVESKERCKE;0;;
21007A60-;SAINT-ANTOINE;30;;
21007A73-;BERCKENDAEL (RUE);21;;
21007A72-;MOLIERE;47;;
21007A71-;CHAUSSEE D'ALSEMBERG;13;;
21007A79-;PARC DUDEN;0;;
21008A31-;TOUSSAINT;0;;
21008A30-;LE HOME;12;;
21008A00-;CENTRE;8;;
21008A38-;PARC DE RIVIEREN;0;;
21008A27-;NESTOR MARTIN;0;;
21008A220;VILLAS DE GANSHOREN (OUEST);31;;
21008A02-;SIPPELBERG;20;;
21008A34-;PARC ALBERT;0;;
21008A35-;CHARTE;0;;
21008A240;REFORME;6;;
21008A23-;DE MESMAEKER;0;;
21008A20-;CHARLES-QUINT;32;;
21008A29-;RIVIERE MOLENBEEK;0;;
21008A01-;VAN PAGE-SUD;0;;
21008A33-;VAN PAGE-NORD;9;;
21008A32-;HEIDEKEN;11;;
21008A10-;PLATEAU;29;;
21008A19-;BASILIQUE;0;;
21008A21-;MAIL;24;;
21009A20-;PETITE SUISSE (PLACE DE LA);27;;
21009A23-;ETOILE (ROND POINT DE L');18;;
21009A623;KLAUWAERTS;0;;
21009A90-;SAINT-PHILIPPE DE NERI;8;;
21009A652;HOPITAUX;17;;
21009A501;LUXEMBOURG (PLACE DE);0;;
21009A552;PORTE DE NAMUR;14;;
21009A542;EGLISE ANGLICANE;0;;
21009A051;SAINT-BONIFACE;4;;
21009A041;ARBRE BENIT;14;;
21009A00-;CENTRE;20;;
21009A02-;MUSEE;19;;
21009A101;FLAGEY (PLACE);14;;
21009A03-;ERMITAGE;9;;
21009A13-;GACHARD;9;;
21009A121;GENERAL DE GAULLE;10;;
21009A63-;MACAU;25;;
21009A602;BELVEDERE;0;;
21009A42-;RENIER CHALON;22;;
21009A40-;MELEZES;18;;
21009A301;BOONDAEL-NORD;0;;
21009A812;SCHOOLGAT;0;;
21009A33-;SAINT-ADRIEN;27;;
21009A34-;STADE COMMUNAL;0;;
21009A21-;ETE;20;;
21009A43-;FERNAND NEURAY;14;;
21009A41-;SAINT-GEORGES;11;;
21009A83-;L. ERNOTTE (RUE);12;;
21009A52-;GRAY (RUE);28;;
21009A2MJ;CAMPUS UNIVERSITAIRE;0;;
21009A44-;PREVOT;7;;
21009A712;CHATELAIN (PLACE DU)-OUEST;0;;
21009A72-;DEFACQZ;12;;
21009A911;A. DELPORTE-SUD;11;;
21009A311;TREILLE (RUE DE LA);0;;
21009A802;BOONDAEL-SUD;0;;
21009A82-;FORET;6;;
21009A111;WERY (RUE);25;;
21009A01-;BLYCKAERTS;17;;
21009A22-;UNIVERSITE;26;;
21009A53-;LONDRES (PLACE DE);18;;
21009A512;WIERTZ;0;;
21009A593;QUARTIER LEOPOLD;0;;
21009A612;LIEGEOIS (RUE);26;;
21009A151;A. DELPORTE-NORD;0;;
21009A922;CASERNE (Ixelles);0;;
21009A29-;CIMETIERE;0;;
21009A73-;BERCKENDAEL;24;;
21009A451;CHATELAIN (PLACE DU)-EST;22;;
21009A192;ETANGS;0;;
21010A393;SACRE-COEUR;0;;
21010A04-;NOTRE-DAME DE LOURDES;36;;
21010A092;PARC DE LA JEUNESSE;0;;
21010A03-;MIROIR;22;;
21010A182;DIELEGEM (BOIS DE);0;;
21010A10-;ANCIENNE BARRIERE;26;;
21010A121;F. MOHRFELD (RUE DE);16;;
21010A111;HEYMBOSCH;23;;
21010A312;BAECK DUPRE;0;;
21010A4MJ;VUB;0;;
21010A1AJ;ARBRE BALLON;34;;
21010A05-;ALBERT (QUARTIER);47;;
21010A493;LAERBEEK (BOIS DE);0;;
21010A13-;CITE-JARDIN;30;;
21010A00-;CENTRE;45;;
21010A141;BRUGMANN;26;;
21010A01-;ESSEGHEM;33;;
21010A21-;MADELEINE;39;;
21010A02-;LEOPOLD I;29;;
21011A11-;LEPREUX;21;;
21011A30-;ARCHERS - FOUREZ;16;;
21011A20-;PLATEAU;20;;
21011A10-;PAIX (AVENUE DE LA);15;;
21011A01-;SAINTE-ANNE;14;;
21011A02-;JACQUET (RUE DE);16;;
21011A00-;VANHUFFEL;10;;
21011A12-;BASILIQUE;9;;
21011A29-;PARC ELISABETH;0;;
21012A552;PFEIFFER;8;;
21012A833;ELBERS;0;;
21012A84-;METTEWIE-BUILDINGS;16;;
21012A24-;OSSEGHEM;17;;
21012A26-;MACHTENS-NORD;23;;
21012A29-;MARIE-JOSE (PARC);0;;
21012A25-;BEEKKANT;0;;
21012A172;GARE OUEST;15;;
21012A041;QUATRE VENTS;18;;
21012A10-;DUCHESSE DE BRABANT;16;;
21012A00-;CENTRE;21;;
21012A05-;SAINT-JOSEPH;10;;
21012A59-;KARREVELD;0;;
21012A851;CONDOR;6;;
21012A882;DARING;0;;
21012A22-;BRASILIA;0;;
21012A13-;BIRMINGHAM-NORD;11;;
21012A12-;BIRMINGHAM-SUD;10;;
21012A672;ULENS;17;;
21012A60-;LAEKENVELD;38;;
21012A63-;DUBRUCQ-NORD;21;;
21012A62-;LIBERATEURS;39;;
21012A511;STEYNS;26;;
21012A20-;BAECK;17;;
21012A72-;LAVALLEE;26;;
21012A611;MEXICO;10;;
21012A53-;SIPPELBERG;0;;
21012A54-;DELHAIZE;20;;
21012A50-;BENES;24;;
21012A71-;PIERS;30;;
21012A21-;MARIE-JOSE BLOCS;10;;
21012A2MJ;CHEMIN DE FER;0;;
21012A152;ETANGS NOIRS;39;;
21012A52-;NEEP (QUARTIER DU);23;;
21012A39-;DE RAEDT;0;;
21012A30-;METTEWIE - IDYLLE;17;;
21012A23-;MACHTENS-SUD;18;;
21012A41-;MOORTEBEEK;12;;
21012A822;KORENBEEK;31;;
21012A811;MYRTES-NORD;0;;
21012A141;INDEPENDANCE;13;;
21012A03-;RANSFORT;23;;
21012A11-;INDUSTRIE;11;;
21012A02-;BRUNFAUT (QUARTIER);0;;
21012A011;CANAL-SUD;4;;
21012A732;CANAL-NORD;14;;
21013A242;BETHLEEM (PLACE DE);16;;
21013A102;PARVIS;0;;
21013A101;PARVIS;25;;
21013A13-;DETHY (RUE);14;;
21013A121;GUILLAUME TELL-SUD;0;;
21013A422;CRICKX (RUE);29;;
21013A11-;PARME (RUE DE);16;;
21013A01-;ESPAGNE (RUE D');22;;
21013A04-;PRISON;17;;
21013A623;FRANCE (RUE DE);0;;
21013A201;ANGLETERRE (RUE D');23;;
21013A252;DANEMARK (RUE DE);23;;
21013A23-;ROI (AVENUE DU);7;;
21013A02-;CAPOUILLET (RUE);16;;
21013A2MJ;GARE DU MIDI;0;;
21013A612;JAMAR;0;;
21013A22-;REGIES;29;;
21013A211;FONTAINAS;22;;
21013A052;FAIDER (RUE);7;;
21013A151;METAL (RUE DU);10;;
21013A522;RUE D'ECOSSE;11;;
21013A40-;BARRIERE;21;;
21013A41-;VILLAS (AVENUE DES);22;;
21013A031;AMAZONE (RUE DE);9;;
21013A00-;HOTEL DE VILLE;24;;
21013A51-;TOISON D'OR (AVENUE);11;;
21014A00-;PLACE SAINT-JOSSE;34;;
21014A02-;CHARITE;15;;
21014A14-;PRAIRIE;17;;
21014A2MJ;NORD;0;;
21014A41-;BOSSUET;39;;
21014A10-;SAINT-FRANCOIS;21;;
21014A13-;ROGIER;0;;
21014A03-;MADOU;7;;
21014A12-;SAINT-LAZARE;0;;
21014A01-;STEURS;6;;
21014A04-;HAECHT (CHAUSSEE DE);26;;
21014A05-;HOUWAERT;67;;
21014A18-;JARDIN BOTANIQUE;0;;
21014A3MJ;MANHATTAN;0;;
21015A50-;OPALE;34;;
21015A77-;R.T.B.;7,000000001;;
21015A73-;H. EVENEPOEL (RUE);6;;
21015A782;CIMETIERE DE SAINT-JOSSE;0;;
21015A31-;PATRIE;16;;
21015A36-;CAMBIER (AVENUE E.);7;;
21015A70-;P. HYMANS (RUE);15;;
21015A721;F. COURTENS (AVENUE);0;;
21015A822;CH. GILISQUET - SUD (AVENUE);0;;
21015A7MJ;JOSAPHAT GARE;0;;
21015A34-;PAQUERETTES (RUE);19;;
21015A63-;DESCHANEL P. (AVENUE);8;;
21015A883;THEUNIS PIERRE (RUE);0;;
21015A811;TERDELT;15;;
21015A831;LATINIS (AVENUE G.);23;;
21015A03-;JOSAPHAT (RUE);30;;
21015A021;HOUFFALIZE (PLACE);34;;
21015A30-;GRANDE RUE AU BOIS;25;;
21015A32-;CONSOLATION (RUE DE LA);17;;
21015A64-;DUPLOYE SQUARE;21;;
21015A33-;BIENFAITEURS (PLACE DE);14;;
21015A35-;JEAN STOBBAERTS (AVENUE);19;;
21015A53-;DAILLY (PLACE);15;;
21015A54-;EMERAUDE (AVENUE);38;;
21015A52-;LINTHOUT (RUE);24;;
21015A51-;CERISIERS (AVENUE DES);13;;
21015A05-;ROYALE SAINTE-MARIE (RUE);30;;
21015A12-;HUART HAMOIR (AVENUE);19;;
21015A152;PR. ELISABETH-NORD;18;;
21015A101;GARE;27;;
21015A111;MAETERLINCK;22;;
21015A142;SAINTE-FAMILLE;0;;
21015A622;BRUSILIA;0;;
21015A71-;JARDINS;8;;
21015A04-;L'OLIVIER (RUE);43;;
21015A39-;JOSAPHAT (PARC);0;;
21015A421;PALAIS (RUE DE);8;;
21015A40-;BRABANT (RUE DE);31;;
21015A43-;GARE DU NORD;15;;
21015A44-;REINE (AVENUE);28;;
21015A41-;VANDERLINDEN (RUE);32;;
21015A612;BRICHAUT (RUE DE);38;;
21015A45-;STEPHENSON (PLACE);8;;
21015A00-;COLIGNON (PLACE);56;;
21015A01-;VAN YSENDYCK (RUE);7;;
21015A24-;WAELHEM (RUE);19;;
21015A13-;PORTAELS (RUE);15;;
21015A22-;MARBOTIN A. (RUE);28;;
21015A272;HOPITAL P. BRIEN;0;;
21015A231;J. BLOCKX (RUE);11;;
21015A20-;HELMET;47;;
21015A21-;GUIDO GEZELLE (RUE);23;;
21016A901;CENTRE-OUEST;16;;
21016A81-;BASCULE;28;;
21016A82-;CHURCHILL;43;;
21016A232;BEAU SEJOUR;5;;
21016A831;LONGCHAMP;27;;
21016A111;VERT CHASSEUR;0;;
21016A841;ZEECRABBE;0;;
21016A85-;BRUGMANN;5;;
21016A042;ECHEVINAGE;0;;
21016A03-;COGHEN;22;;
21016A02-;ALSEMBERG-NORD;26;;
21016A922;WOLVENBERG;11;;
21016A912;GLOBE-OUEST;8;;
21016A933;VOSSEGAT-OUEST;19;;
21016A731;ROETAERT;0;;
21016A701;MERLO;37;;
21016A772;ZWARTEBEEK;0;;
21016A72-;MELKRIEK;0;;
21016A71-;KEIENBEMPT;13;;
21016A13-;OBSERVATOIRE;0;;
21016A383;FORET DE SOIGNES LORRAINE-W.;0;;
21016A954;VOSSEGAT-EST;0;;
21016A331;CHAUSSEE DE WATERLOO-OUEST;0;;
21016A80-;VANDERKINDERE;18;;
21016A225;PTOLEMEE;0;;
21016A64-;MOLENSTEEN;17;;
21016A05-;LE CHAT;32;;
21016A39-;FORET DE SOIGNES LORRAINE-EST;0;;
21016A692;CIMETIERE - ST.-GILLES;0;;
21016A533;MOENSBERG;0;;
21016A943;SEPT-BONNIERS;0;;
21016A65-;ALSEMBERG-SUD;6;;
21016A601;BOURDON;6;;
21016A620;KRIEKENPUT;13;;
21016A01-;DIEWEG;25;;
21016A00-;GLOBE-EST;59;;
21016A193;WOLVENDAEL;0;;
21016A102;GROESELENBERG;20;;
21016A12-;HAMOIR;23;;
21016A44-;PECHERIE;20;;
21016A214;ASTRONOMES;0;;
21016A322;CHAUSSEE DE WATERLOO-EST;0;;
21016A400;SAINT-JOB;38;;
21016A429;CARLOO;21;;
21016A410;ALPHONSE XIII;0;;
21016A490;KAUWBERG;0;;
21016A639;HOMBORCH;18;;
21016A610;ENGELAND;0;;
21016A521;VERREWINKEL;0;;
21016A342;FOND;21;;
21016A311;FORT JACO;13;;
21017A512;VANDER ELST - BIEN FAIRE;16;;
21017A541;LOUTRIER - WIENER;0;;
21017A192;STADE DES TROIS TILLEULS;0;;
21017A635;PRINCES BRABANCONS;0;;
21017A11-;FLOREAL;15;;
21017A240;SOUVERAIN-OUEST;0;;
21017A230;BEGUINETTES;12;;
21017A220;LE LOGIS-SUD;0;;
21017A443;VILLE-ET-FORET - ELAN;0;;
21017A41-;AVENUE DE VISE;15;;
21017A523;MARTIN-PECHEUR;10;;
21017A613;AVENUE DE TERCOIGNE;0;;
21017A696;HERONNIERE;0;;
21017A624;PECHERIES;10;;
21017A534;RUE DES BEGONIAS;0;;
21017A501;CENTRE DE WATERMAEL;0;;
21017A421;WATERMAEL - STATION;0;;
21017A432;DRIES;14;;
21017A021;DREVE DES EQUIPAGES;0;;
21017A01-;COIN DU BALAI;7;;
21017A12-;LE LOGIS-NORD;20;;
21017A08-;SOUVERAIN-EST;0;;
21017A13-;BOULEAUX;15;;
21017A212;AVENUE DE LA TENDERIE;16;;
21017A000;CENTRE DE BOITSFORT;10;;
21017A09-;FORET DE SOIGNES;0;;
21017A451;FUTAIE;7;;
21017A472;ZONING DE BUREAUX-NORD;0;;
21017A374;ZONING DE BUREAUX-SUD;0;;
21017A041;DREVE DU DUC;0;;
21017A031;AVENUE DELLEUR;0;;
21017A312;CLOS DES CHENES;0;;
21017A323;DREVE DES TUMULI;0;;
21017A393;ETANGS DE BOITSFORT;0;;
21017A382;FORESTERIE;0;;
21018A20-;GEORGES HENRI (AVENUE);20;;
21018A72-;ROGATIONS;15;;
21018A21-;DE BROQUEVILLE (AVENUE)-NORD;17;;
21018A35-;HOF TEN BERG-NORD;11;;
21018A34-;HOF TEN BERG-SUD;12;;
21018A32-;CLOS DES PEUPLIERS;0;;
21018A311;PARC SCHUMAN;22;;
21018A33-;NEERVELD;14;;
21018A22-;DE BROQUEVILLE (AVENUE)-SUD;11;;
21018A512;QUARTIER DES PEINTRES;12;;
21018A031;ABELOOS;21;;
21018A04-;BEETEPUT;15;;
21018A02-;SLEGERS (AVENUE);8;;
21018A37-;COMMUNAUTES;0;;
21018A63-;CONSTELLATIONS;11;;
21018A05-;DRIES;8;;
21018A61-;HEYDENBERG-EST;19;;
21018A62-;HEYDENBERG-OUEST;16;;
21018A24-;LAMBEAU (AVENUE);19;;
21018A09-;RASANTE;0;;
21018A30-;SAINTE-FAMILLE;7;;
21018A643;DEUX MAISONS;14;;
21018A60-;ROODEBEEK PARC;0;;
21018A19-;STRUYCKBEKEN;0;;
21018A81-;KAPELLEVELD-SUD;0;;
21018A84-;KAPELLEVELD-NORD-EST;0;;
21018A00-;TOMBERG;8;;
21018A43-;ROODEBEEK;9;;
21018A41-;EUROPE;3;;
21018A42-;VERVLOESEM;11;;
21018A01-;SAINT-LAMBERT;0;;
21018A15-;LES SOURCES;0;;
21018A14-;CHANCELLERIE;9;;
21018A13-;GROOTVELD;0;;
21018A12-;STOCKEL (CHAUSSEE DE);15;;
21018A82-;MARIE LA MISERABLE;0;;
21018A83-;KLAKKEDELLE;0;;
21018A87-;SAINT-LUC;0;;
21018A3MJ;GULLEDELLE;26;;
21019A231;KELLE;11;;
21019A242;VENELLES;9;;
21019A252;MONTGOLFIER;9;;
21019A131;KONKEL;14;;
21019A12-;ESCRIME (AVENUE DE L');0;;
21019A45-;HELICE (AVENUE DE L');0;;
21019A52-;DUC (RUE);10;;
21019A51-;COLLEGE SAINT-MICHEL;13;;
21019A04-;EGGERICX (RUE);8;;
21019A03-;CAPITAINE PIRET (AVENUE);10;;
21019A02-;CLOS DU SOLEIL;0;;
21019A052;DON BOSCO;0;;
21019A001;CENTRE;14;;
21019A34-;EUROPE (QUARTIER DE L');13;;
21019A30-;EGLANTINES (AVENUE);0;;
21019A33-;MIMOSAS (AVENUE);15;;
21019A01-;BOULEVARD DE LA WOLUWE;0;;
21019A11-;MILLE METRES (AVENUE);5;;
21019A31-;BEMEL;15;;
21019A32-;CHANT D'OISEAU;23;;
21019A09-;WOLUWE (PARC DE);0;;
21019A35-;HORIZON (AVENUE);16;;
21019A28-;ETANGS MELLAERTS;0;;
21019A20-;SAINT-PAUL;9;;
21019A14-;VAL DE SEIGNEURS;20;;
21019A10-;STOCKEL;23;;
21019A21-;MANOIR;5;;
21019A40-;SAINTE-ALIX;33;;
21019A15-;KAPELLEVELD;10;;
21019A42-;SALOME AVENUE;9;;
21019A22-;PUTDAAL;0;;
21019A441;FAISANDERIE;0;;
21019A41-;CITE JOLI-BOIS;17;;
21019A43-;CORNICHE VERTE;0;;
21019A492;BOIS;0;;
21001C5PA;MEERVELD;0;;
21001C5MA;MEYLEMEERSCH;0;;
21001C6PB;ZONE RURALE;0;;
21001C6MB;MEYLEMEERSCH-EST;0;;
